Workbook

Sheet 說明
A1: 女主九星・戰鬥紀錄經濟試算（ver -1774 草稿）
A3: 規則（Ray 定案）：星不再用等級鎖、等級上限 20。①出場就亮、② 1 份、③④ 各 2 份、⑤⑥ 各 3 份、⑦⑧ 各 4 份；⑨＝滿足特定條件（不花紀錄）。
A4: ⇒ ②～⑧ 總共 19 份＝Lv1→Lv20 升 19 級的 19 份，滿級剛好全亮。等級只負責「產出」紀錄。
A6: 黃底格子＝可以改的旋鈕，其餘都是公式，改了會自己重算。
A7: 「參數」：收入的來源（每升一級幾份、Boss 局額外幾份、劇情固定給幾份）與一局的平均分數。
A8: 「星價」：三人九顆星的價格與累計成本（價格照 Ray 的規則，改了這裡要回寫 config.js）。
A9: 「升級與收入」：每一級要打幾局、那時手上累計幾份、依價格由便宜到貴能點幾顆。
A10: 「方案比較」：幾組收入設定並排，看 Lv3／Lv5／Lv7／Lv9 各能點幾顆。綠底＝我的建議。
A11: 「失衡分析」：同樣的紀錄量，三個人各自「最強的買法」是什麼、哪幾顆太便宜。
A13: ⚠ 局數用的是「平均分數」的單一估值；實際一局 EXP 還有 overkill 與分數微擾。拿來比較方案夠用，不要拿來算精確進度。
A14: ⚠ 索菈娜的 EXP 方向相反（分數越低 EXP 越高，config 的 invertFor），所以同樣的分數她升得不一樣快。
A15: 重產這份表：python3 tools/girl_star_economy.py（星名與效果從 config.js 現讀）。

Sheet 參數
A1: 旋鈕 | B1: 值 | C1: 代號 | D1: 說明
A2: 每升一級給幾份《戰鬥紀錄》 | B2: 1 | C2: r | D2: config.girls.recordPerLevel（現值）
A3: Boss 局結算額外給幾份 | B3: 0 | C3: boss | D3: 現在沒有這條來源；想加就填
A4: Boss 局佔全部局數的比例 | B4: 0.3 | C4: pboss | D4: 估值：北泊／森林／遺蹟／古城的收段多半是 Boss
A5: 劇情固定給（整趟主線合計） | B5: 0 | C5: story | D5: 例：每章收尾給一份就填章數
A6: 平均一局分數（諾薇兒／安雅） | B6: 60 | C6: score | D6: B 等約 50~64
A7: 平均一局分數（索菈娜） | B7: 60 | C7: score_s | D7: 她的 EXP 用 100−分數 算
A8: EXP 基底 offset | B8: 137 | C8: off | D8: config.rating.exp.offset
A9: EXP 倍率 mult | B9: 8.7 | C9: mult | D9: config.rating.exp.mult
A10: Boss EXP 倍率 | B10: 2 | C10: bmul | D10: config.rating.bossMul.exp
A12: 一局平均 EXP（諾／安） | B12: =(參數!$B$8+參數!$B$6*參數!$B$9)*(1-參數!$B$4+參數!$B$4*參數!$B$10) -> 856.7
A13: 一局平均 EXP（索菈娜） | B13: =(參數!$B$8+(100-參數!$B$7)*參數!$B$9)*(1-參數!$B$4+參數!$B$4*參數!$B$10) -> 630.5

Sheet 星價
A1: 序 | B1: 價格（份） | C1: 累計（依序） | D1: 諾薇兒 | E1: 安雅 | F1: 索菈娜
A2: ★1 | B2: 0 | C2: =SUM($B$2:B2) -> 0 | D2: 先鋒星 Guisuer（變身） 聖徒化的連擊疊傷提升至 150%。 | E2: 拳鬥者星 Pollux（變身） 夢魘化期間反擊攻擊力提升至 120%。 | F2: 地弓星 Kaus Australis（主動） 彈雨傾洩的攻擊力提升至 120%。
A3: ★2 | B3: 1 | C3: =SUM($B$2:B3) -> 1 | D3: 引路星 Asellus Borealis（變身） 失誤一次不受擊，點擊正確就重置。並在聖徒化期間全程指引下一格。 | E3: 築壩者星 Castor（主動） 夢境破碎發動後追加 10 秒反擊增益，並全程指引下一格。 | F3: 海宣星 Nunki（被動） 獵手的戰吼發動時，可再次使用獵手的智慧。
A4: ★3 | B4: 2 | C4: =SUM($B$2:B4) -> 3 | D4: 探覓星 Nahn（主動） 發動彈雨傾洩可回復魂之歸所的使用次數。 | E4: 烙印星 Alhena（變身） 連續三次完美反擊即回復夢魘化熔斷；同場戰鬥內不可連續使用。同戰役的次場戰鬥生效。 | F4: 曳弦星 Ascella（主動） 獵手的智慧發動後追加 10 秒破防值累積量 200%。
A5: ★4 | B5: 2 | C5: =SUM($B$2:B5) -> 5 | D5: 堅殼星 Tegmine（被動） 獄門天鎖的十秒免傷期間，每次射擊回復最大體力 5%。反擊一次算一發，聖徒化期間不作動。 | E5: 赤足星 Tejat（被動） 明晰之夢延長為 10 秒，期間所有反擊攻擊力提升。 | F5: 獵弓星 Kaus Media（變身） 獵手的共鬥期間，自動反擊威力提升 50%。
A6: ★5 | B6: 3 | C6: =SUM($B$2:B6) -> 8 | D6: 端首星 Guisuyi（變身） 單場無傷擊殺即回復聖徒化熔斷；同場戰鬥內不可連續使用。同戰役的次場戰鬥生效。 | E6: 赤爪星 Mebsuta（主動） 夢境破碎後的反擊增益期間，所有反擊攻擊力提升。 | F6: 箭頭星 Alnasl（被動） 獵手的戰吼發動條件由連續5盤完美清盤降低為3盤。
A7: ★6 | B7: 3 | C7: =SUM($B$2:B7) -> 11 | D7: 斷鉗星 Acubens（變身） 聖徒化時體力降至 1。 | E7: 前引星 Propus（變身） 夢魘化發動時體力先回滿，發動時間最大化。 | F7: 天弓星 Kaus Borealis（變身） 獵手的共鬥期間，自動反擊威力再提升 100%。
A8: ★7 | B8: 4 | C8: =SUM($B$2:B8) -> 15 | D8: 蟹生星 Yuyu（被動） 獄門天鎖於同場戰役內的每一場戰鬥都可發動一次。 | E8: 鐵蹄星 Alzirr（被動） 明晰之夢延長為 15 秒，期間所有反擊攻擊力提升。 | F8: 聚落星 Albaldah（主動） 主動技發動同時回填獵手的共鬥。同一場戰鬥可連續使用。
A9: ★8 | B9: 4 | C9: =SUM($B$2:B9) -> 19 | D9: 負行星 Asellus Australis（變身） 聖徒化時間不受到敵方攻擊減少。 | E9: 界心星 Wasat（主動） 夢境破碎若在夢魘化期間最後一格時發動，一次給與敵人最大體力的 30% 傷害。 | F9: 射手星 Eta Sagittarii（變身） 獵手的共鬥最大持續時間延長。
A10: ★9 | B10: 條件 | C10: — | D10: 終焉星 Tarf（變身） 聖徒化期間的攻擊可小幅延長爆發時間。 | E10: 孿生星 κ Geminorum（變身） 夢魘化期間發動反擊先消耗破防計，破防計耗盡才開始消耗體力。 | F10: 獵手星 Phi Sagittarii（變身） 獵手的共鬥期間可累積之破防值，延長爆發時間。
A12: ①～⑧ 合計 | B12: =SUM(B2:B9) -> 19

Sheet 升級與收入
A1: 等級 | B1: 累計 EXP 門檻 | C1: 局數（諾／安） | D1: 局數（索菈娜） | E1: 升級給的份數（累計） | F1: Boss 局額外（諾／安） | G1: 手上合計（諾／安） | H1: 能點幾顆（諾／安） | I1: 手上合計（索） | J1: 能點幾顆（索）
A2: 1 | B2: 0 | C2: =ROUND(B2/參數!$B$12,1) -> 0 | D2: =ROUND(B2/參數!$B$13,1) -> 0 | E2: =(A2-1)*參數!$B$2 -> 0 | F2: =FLOOR(C2*參數!$B$4,1)*參數!$B$3 -> 0 | G2: =E2+F2 -> 0 | H2: =SUMPRODUCT(--(星價!$C$2:$C$9<=G2)) -> 1 | I2: =E2+FLOOR(D2*參數!$B$4,1)*參數!$B$3 -> 0 | J2: =SUMPRODUCT(--(星價!$C$2:$C$9<=I2)) -> 1
A3: 2 | B3: 800 | C3: =ROUND(B3/參數!$B$12,1) -> 0.9 | D3: =ROUND(B3/參數!$B$13,1) -> 1.3 | E3: =(A3-1)*參數!$B$2 -> 1 | F3: =FLOOR(C3*參數!$B$4,1)*參數!$B$3 -> 0 | G3: =E3+F3 -> 1 | H3: =SUMPRODUCT(--(星價!$C$2:$C$9<=G3)) -> 2 | I3: =E3+FLOOR(D3*參數!$B$4,1)*參數!$B$3 -> 1 | J3: =SUMPRODUCT(--(星價!$C$2:$C$9<=I3)) -> 2
A4: 3 | B4: 1700 | C4: =ROUND(B4/參數!$B$12,1) -> 2 | D4: =ROUND(B4/參數!$B$13,1) -> 2.7 | E4: =(A4-1)*參數!$B$2 -> 2 | F4: =FLOOR(C4*參數!$B$4,1)*參數!$B$3 -> 0 | G4: =E4+F4 -> 2 | H4: =SUMPRODUCT(--(星價!$C$2:$C$9<=G4)) -> 2 | I4: =E4+FLOOR(D4*參數!$B$4,1)*參數!$B$3 -> 2 | J4: =SUMPRODUCT(--(星價!$C$2:$C$9<=I4)) -> 2
A5: 4 | B5: 2700 | C5: =ROUND(B5/參數!$B$12,1) -> 3.2 | D5: =ROUND(B5/參數!$B$13,1) -> 4.3 | E5: =(A5-1)*參數!$B$2 -> 3 | F5: =FLOOR(C5*參數!$B$4,1)*參數!$B$3 -> 0 | G5: =E5+F5 -> 3 | H5: =SUMPRODUCT(--(星價!$C$2:$C$9<=G5)) -> 3 | I5: =E5+FLOOR(D5*參數!$B$4,1)*參數!$B$3 -> 3 | J5: =SUMPRODUCT(--(星價!$C$2:$C$9<=I5)) -> 3
A6: 5 | B6: 3800 | C6: =ROUND(B6/參數!$B$12,1) -> 4.4 | D6: =ROUND(B6/參數!$B$13,1) -> 6 | E6: =(A6-1)*參數!$B$2 -> 4 | F6: =FLOOR(C6*參數!$B$4,1)*參數!$B$3 -> 0 | G6: =E6+F6 -> 4 | H6: =SUMPRODUCT(--(星價!$C$2:$C$9<=G6)) -> 3 | I6: =E6+FLOOR(D6*參數!$B$4,1)*參數!$B$3 -> 4 | J6: =SUMPRODUCT(--(星價!$C$2:$C$9<=I6)) -> 3
A7: 6 | B7: 5050 | C7: =ROUND(B7/參數!$B$12,1) -> 5.9 | D7: =ROUND(B7/參數!$B$13,1) -> 8 | E7: =(A7-1)*參數!$B$2 -> 5 | F7: =FLOOR(C7*參數!$B$4,1)*參數!$B$3 -> 0 | G7: =E7+F7 -> 5 | H7: =SUMPRODUCT(--(星價!$C$2:$C$9<=G7)) -> 4 | I7: =E7+FLOOR(D7*參數!$B$4,1)*參數!$B$3 -> 5 | J7: =SUMPRODUCT(--(星價!$C$2:$C$9<=I7)) -> 4
A8: 7 | B8: 6450 | C8: =ROUND(B8/參數!$B$12,1) -> 7.5 | D8: =ROUND(B8/參數!$B$13,1) -> 10.2 | E8: =(A8-1)*參數!$B$2 -> 6 | F8: =FLOOR(C8*參數!$B$4,1)*參數!$B$3 -> 0 | G8: =E8+F8 -> 6 | H8: =SUMPRODUCT(--(星價!$C$2:$C$9<=G8)) -> 4 | I8: =E8+FLOOR(D8*參數!$B$4,1)*參數!$B$3 -> 6 | J8: =SUMPRODUCT(--(星價!$C$2:$C$9<=I8)) -> 4
A9: 8 | B9: 8050 | C9: =ROUND(B9/參數!$B$12,1) -> 9.4 | D9: =ROUND(B9/參數!$B$13,1) -> 12.8 | E9: =(A9-1)*參數!$B$2 -> 7 | F9: =FLOOR(C9*參數!$B$4,1)*參數!$B$3 -> 0 | G9: =E9+F9 -> 7 | H9: =SUMPRODUCT(--(星價!$C$2:$C$9<=G9)) -> 4 | I9: =E9+FLOOR(D9*參數!$B$4,1)*參數!$B$3 -> 7 | J9: =SUMPRODUCT(--(星價!$C$2:$C$9<=I9)) -> 4
A10: 9 | B10: 9800 | C10: =ROUND(B10/參數!$B$12,1) -> 11.4 | D10: =ROUND(B10/參數!$B$13,1) -> 15.5 | E10: =(A10-1)*參數!$B$2 -> 8 | F10: =FLOOR(C10*參數!$B$4,1)*參數!$B$3 -> 0 | G10: =E10+F10 -> 8 | H10: =SUMPRODUCT(--(星價!$C$2:$C$9<=G10)) -> 5 | I10: =E10+FLOOR(D10*參數!$B$4,1)*參數!$B$3 -> 8 | J10: =SUMPRODUCT(--(星價!$C$2:$C$9<=I10)) -> 5
A11: 10 | B11: 11800 | C11: =ROUND(B11/參數!$B$12,1) -> 13.8 | D11: =ROUND(B11/參數!$B$13,1) -> 18.7 | E11: =(A11-1)*參數!$B$2 -> 9 | F11: =FLOOR(C11*參數!$B$4,1)*參數!$B$3 -> 0 | G11: =E11+F11 -> 9 | H11: =SUMPRODUCT(--(星價!$C$2:$C$9<=G11)) -> 5 | I11: =E11+FLOOR(D11*參數!$B$4,1)*參數!$B$3 -> 9 | J11: =SUMPRODUCT(--(星價!$C$2:$C$9<=I11)) -> 5
A12: 11 | B12: 14000 | C12: =ROUND(B12/參數!$B$12,1) -> 16.3 | D12: =ROUND(B12/參數!$B$13,1) -> 22.2 | E12: =(A12-1)*參數!$B$2 -> 10 | F12: =FLOOR(C12*參數!$B$4,1)*參數!$B$3 -> 0 | G12: =E12+F12 -> 10 | H12: =SUMPRODUCT(--(星價!$C$2:$C$9<=G12)) -> 5 | I12: =E12+FLOOR(D12*參數!$B$4,1)*參數!$B$3 -> 10 | J12: =SUMPRODUCT(--(星價!$C$2:$C$9<=I12)) -> 5
A13: 12 | B13: 16500 | C13: =ROUND(B13/參數!$B$12,1) -> 19.3 | D13: =ROUND(B13/參數!$B$13,1) -> 26.2 | E13: =(A13-1)*參數!$B$2 -> 11 | F13: =FLOOR(C13*參數!$B$4,1)*參數!$B$3 -> 0 | G13: =E13+F13 -> 11 | H13: =SUMPRODUCT(--(星價!$C$2:$C$9<=G13)) -> 6 | I13: =E13+FLOOR(D13*參數!$B$4,1)*參數!$B$3 -> 11 | J13: =SUMPRODUCT(--(星價!$C$2:$C$9<=I13)) -> 6
... A21: 20 | B21: 50750 | C21: =ROUND(B21/參數!$B$12,1) -> 59.2 | D21: =ROUND(B21/參數!$B$13,1) -> 80.5 | E21: =(A21-1)*參數!$B$2 -> 19 | F21: =FLOOR(C21*參數!$B$4,1)*參數!$B$3 -> 0 | G21: =E21+F21 -> 19 | H21: =SUMPRODUCT(--(星價!$C$2:$C$9<=G21)) -> 8 | I21: =E21+FLOOR(D21*參數!$B$4,1)*參數!$B$3 -> 19 | J21: =SUMPRODUCT(--(星價!$C$2:$C$9<=I21)) -> 8
A23: ⚠ 「劇情固定給」沒有攤進逐級（不知道哪一章在哪一級），看「方案比較」那一頁的合計。

Sheet 方案比較
A1: 方案 | B1: 每升一級 | C1: Boss 局額外 | D1: 出廠／固定給 | E1: Lv5 份數 | F1: Lv5 顆 | G1: Lv10 份數 | H1: Lv10 顆 | I1: Lv15 份數 | J1: Lv15 顆 | K1: Lv20 份數 | L1: Lv20 顆 | M1: 評語
A2: A 現值（每級 1、①出場就亮） | B2: 1 | C2: 0 | D2: 0 | E2: =(5-1)*B2+FLOOR(升級與收入!C6*參數!$B$4,1)*C2+D2 -> 4 | F2: =SUMPRODUCT(--(星價!$C$2:$C$9<=E2)) -> 3 | G2: =(10-1)*B2+FLOOR(升級與收入!C11*參數!$B$4,1)*C2+D2 -> 9 | H2: =SUMPRODUCT(--(星價!$C$2:$C$9<=G2)) -> 5 | I2: =(15-1)*B2+FLOOR(升級與收入!C16*參數!$B$4,1)*C2+D2 -> 14 | J2: =SUMPRODUCT(--(星價!$C$2:$C$9<=I2)) -> 6 | K2: =(20-1)*B2+FLOOR(升級與收入!C21*參數!$B$4,1)*C2+D2 -> 19 | L2: =SUMPRODUCT(--(星價!$C$2:$C$9<=K2)) -> 8 | M2: 【定案】Lv20 升 19 級＝19 份＝②～⑧ 剛好全亮。Lv5 手上 4 份＝諾薇兒 ②引路＋④堅殼（①已亮）還剩 1。
A3: B 每級 1＋Boss 局 1 份 | B3: 1 | C3: 1 | D3: 0 | E3: =(5-1)*B3+FLOOR(升級與收入!C6*參數!$B$4,1)*C3+D3 -> 5 | F3: =SUMPRODUCT(--(星價!$C$2:$C$9<=E3)) -> 4 | G3: =(10-1)*B3+FLOOR(升級與收入!C11*參數!$B$4,1)*C3+D3 -> 13 | H3: =SUMPRODUCT(--(星價!$C$2:$C$9<=G3)) -> 6 | I3: =(15-1)*B3+FLOOR(升級與收入!C16*參數!$B$4,1)*C3+D3 -> 23 | J3: =SUMPRODUCT(--(星價!$C$2:$C$9<=I3)) -> 8 | K3: =(20-1)*B3+FLOOR(升級與收入!C21*參數!$B$4,1)*C3+D3 -> 36 | L3: =SUMPRODUCT(--(星價!$C$2:$C$9<=K3)) -> 8 | M3: 滿級前就全亮；Boss 越多的路線越快（變成鼓勵刷 Boss）。
A4: C 每級 2 | B4: 2 | C4: 0 | D4: 0 | E4: =(5-1)*B4+FLOOR(升級與收入!C6*參數!$B$4,1)*C4+D4 -> 8 | F4: =SUMPRODUCT(--(星價!$C$2:$C$9<=E4)) -> 5 | G4: =(10-1)*B4+FLOOR(升級與收入!C11*參數!$B$4,1)*C4+D4 -> 18 | H4: =SUMPRODUCT(--(星價!$C$2:$C$9<=G4)) -> 7 | I4: =(15-1)*B4+FLOOR(升級與收入!C16*參數!$B$4,1)*C4+D4 -> 28 | J4: =SUMPRODUCT(--(星價!$C$2:$C$9<=I4)) -> 8 | K4: =(20-1)*B4+FLOOR(升級與收入!C21*參數!$B$4,1)*C4+D4 -> 38 | L4: =SUMPRODUCT(--(星價!$C$2:$C$9<=K4)) -> 8 | M4: Lv10 前後就全亮：Lv20 那一大段等於沒有獎勵。
A9: ⚠ ver -1776：等級上限 20（Ray）。「出廠／固定給」＝一開始就在手上的份數（每一欄都算進去）。
A10: ⚠ 「顆」是依序由便宜到貴能點的顆數；實際玩家會跳著挑（下一頁）。

Sheet 失衡分析
A1: 角色 | B1: 9 份的最強買法（跳著挑） | C1: 花費 | D1: 為什麼強 | E1: 風險 | F1: 可調的方向（等 Ray 定）
A2: 諾薇兒 | B2: 免死組：①先鋒 ＋ ②引路 ＋ ④堅殼 ＋ ⑦蟹生 | C2: 1+1+2+4＝8 | D2: 天鎖每隻怪一次（⑦）＋天鎖十秒內射擊回血（④）＋失誤一次不受擊（②）。Lv20 制約 Lv9 湊得齊 8 份（不必改排列）。聖徒化那一路（⑥斷鉗＋⑧負行，7 份）是後期上限：一場一次、幾乎穩出 MB。 | E2: 低。⚠ 單體 Boss 只有一場 ⇒ ⑦蟹生在 Boss 戰沒有作用，手殘玩家在 Boss 前只有「一次免死＋回血」。 | F2: 【Ray 方向：早期穩定不死】要在 Boss 戰也「穩定」，④堅殼的回血是關鍵（已在 2 份的位置）；若還不夠，可讓天鎖在同一場有第二次（例如 ⑦ 改成「每一場兩次」）或把回血比例提高。
A3: 安雅 | B3: ③烙印 ＋ ⑥前引 ＋ ⑧界心 | C3: 2+3+4＝9 | D3: 回填改成下一場之後，③烙印只在連戰有用；Boss 戰一場只有一發夢境粉碎（20%，⑧ 之後 30%）。 | E3: 中→低（-1775 之前是最高）。連戰清雜怪時仍強：粉碎打死＝處決＝下一隻又能開夢魘化，可以一路串。 | F3: 已大致平衡。要再收只收連戰：例如粉碎處決不賺回發動（只留烙印星那條路）。
A4: 索菈娜 | B4: ②海宣 ＋ ⑤箭頭 ＋ ⑦聚落 ＋ ①地弓 | C4: 1+3+4+1＝9 | D4: ⑦聚落讓共鬥同一場可以再開，但共鬥**消耗全部破防值**、時長＝12 秒×破防值/100（最低 3 秒），期間普攻回充只有一半 ⇒ 連開的無敵時間被破防值總量封頂，而那正是彈雨的輸出來源。 | E4: 低（Ray 的設計，-1775 後確認）：連開共鬥＝輸出下降、局變長，而她的評價時間係數是 650（別人 400）⇒ 必定低評（錢是敵 HP×等第%，D 只拿 50%）。低評反而給她較多 EXP 與好感 —— 那是她「打得爛也開心」的性格，是取捨不是漏洞。 | F4: 不改。她**沒有任何回血手段**（共鬥只擋不補），連戰會被慢慢耗死 ⇒ 保守型玩家會選諾薇兒不是她（Ray），「保守玩法讓她升最快」不成立。
A6: 結論
A7: 前提（ver -1775）：聖徒化／夢魘化一場限一次，回填一律下一場才生效；星不用等級鎖，價格 1/1/2/2/3/3/4/4＋⑨條件。⇒ 單體 Boss 戰三人都只有「一次變身」，差距回到技能本身；安雅的便宜強星（③烙印）只剩連戰價值。索菈娜 ⑦聚落雖然同一場能再開共鬥，但被破防值總量與評價係數 650 綁住（連開＝必定低評），Ray 定為刻意的取捨，不改。諾薇兒的免死三顆（4 份）約 Lv5 可成形，但 Boss 戰只有一次免死。
